{
  "main.blackform": {
    "sounds": [
      "blackform"
    ],
    "category": "player"
  },
  "main.rasengan": {
    "sounds": [
      "rasengan"
    ],
    "category": "player"
  },
  "main.sharingan": {
    "sounds": [
      "sharingan"
    ],
    "category": "player"
  },
  "main.going_ghost": {
    "sounds": [
      "going_ghost"
    ],
    "category": "player"
  },
  "main.ghostlywail": {
    "sounds": [
      "ghostlywail"
    ],
    "category": "player"
  },
  "main.haki": {
    "sounds": [
      "haki"
    ],
    "category": "player"
  }
}